User|Printers
S043W146|\\ps043\S043P-RR-02,\\ps043\S043P-RR-01
S043W164|\\ps043\S043P-RR-02,\\ps043\S043P-RR-01
S043W141|\\ps043\S043P-RR-02,\\ps043\S043P-RR-01
S043W186|\\ps043\S043P-RR-02,\\ps043\S043P-RR-01
S043W160|\\ps043\S043P-RR-02,\\ps043\S043P-RR-01
S043W147|\\ps043\S043P-RR-02,\\ps043\S043P-RR-01
S043W042|\\ps043\S043P-RR-02,\\ps043\S043P-RR-01
S043W058|\\ps043\S043P-RR-02,\\ps043\S043P-RR-01
S043W165|\\ps043\S043P-RR-02,\\ps043\S043P-RR-01
S043W145|\\ps043\S043P-RR-02,\\ps043\S043P-RR-01
S043W069|\\ps043\S043P-RR-02,\\ps043\S043P-RR-01
S043W133|\\ps043\S043P-RR-02,\\ps043\S043P-RR-01
S043W171|\\ps043\S043P-RR-02,\\ps043\S043P-RR-01
S043W105|\\ps043\S043P-RR-02,\\ps043\S043P-RR-01
S043W041|\\ps043\S043P-RR-02,\\ps043\S043P-RR-01
S043W161|\\ps043\S043P-RR-02,\\ps043\S043P-RR-01
S043W201|\\ps043\S043P-RR-02,\\ps043\S043P-RR-01
S043W113|\\ps043\S043P-RR-02
S043W119|\\ps043\S043P-COMPTA-01
S043W225|\\ps043\S043P-COMPTA-01
S043W143|\\ps043\S043P-COMPTA-01
S043W086|\\ps043\S043P-COMPTA-01
S043W087|\\ps043\S043P-COMPTA-01
S043W123|\\ps043\S043P-COMPTA-01
S043W032|\\ps043\S043P-COMPTA-01,\\ps043\S043P-RR-01
S043W205|\\ps064\S043P-COMPTA-01,\\ps064\S043P-RR-01
S043W131|\\ps043\S043P-COMPTA-01
S043W096|\\ps043\S043P-ING-01
S043W048|\\ps043\S043P-ING-01
S043W035|\\ps043\S043P-RH-02,\\ps043\S043P-RH-01,\\S043W150\ps043p-rh-03
S043W061|\\ps043\S043P-RH-02,\\ps043\S043P-RH-01,\\S043W150\ps043p-rh-03
S043W124|\\ps043\S043P-RH-02,\\ps043\S043P-RH-01,\\S043W150\ps043p-rh-03
S043W150|\\ps043\S043P-RH-02,\\ps043\S043P-RH-01
S043W261|\\ps043\S043P-RH-02,\\ps043\S043P-RH-01,\\S043W150\ps043p-rh-03
S043W062|\\ps043\S043P-RH-02,\\ps043\S043P-RH-01,\\S043W150\ps043p-rh-03
S043W247|\\ps043\S043P-RH-01,\\ps043\S043P-RH-02
S043W002|\\ps043\S043P-VEN13-01
S043W024|\\ps043\S043P-VEN13-01
S043W007|\\ps043\S043P-VEN12-01
S043W003|\\ps043\S043P-VEN12-02
S043W004|\\ps043\S043P-VEN12-02
S043W037|\\ps043\S043P-VEN12-02
S043W039|\\ps043\S043P-IT-01
S043W209|\\ps043\S043P-IT-01
S043W116|\\ps043\S043P-VEN12-01
S043W156|\\ps043\S043P-VEN12-01
S043W027|\\ps043\S043P-VEN05-01
S043W166|\\ps043\S043P-VEN05-02
S043W067|\\ps043\S043P-VEN05-02
S043W101|\\ps043\S043P-VEN07-01
S043W009|\\ps043\S043P-VEN07-02
S043W230|\\ps043\S043P-VEN07-02
S043W010|\\ps043\S043P-VEN06-01
S043W183|\\ps043\S043P-VEN06-01
S043W215|\\ps043\S043P-VEN06-02
S043W214|\\ps043\S043P-VEN06-02
S043W047|\\ps043\S043P-VEN02-01
S043W013|\\ps043\S043P-VEN02-02
S043W049|\\ps043\S043P-VEN02-02
S043W219|\\ps043\S043P-VEN14-01
S043W050|\\ps043\S043P-VEN14-01
S043W054|\\ps043\S043P-VEN01-03
S043W081|\\ps043\S043P-VEN01-03
S043W018|\\ps043\S043P-VEN10-01
S043W057|\\ps043\S043P-VEN10-01
S043W218|\\ps043\S043P-VEN08-01
S043W023|\\ps043\S043P-VEN08-01
S043W226|\\ps043\S043P-VEN03-01
S043W059|\\ps043\S043P-VEN03-01
S043W021|\\ps043\S043P-VEN09-01
S043W053|\\ps043\S043P-VEN09-02
S043W056|\\ps043\S043P-VEN09-01
S043W052|\\ps043\S043P-VEN04-01
S043W038|\\ps043\S043P-VEN04-01
S043W044|\\ps043\S043P-VEN11-01
S043W074|\\ps043\S043P-VEN11-01
S043W090|\\ps043\S043P-VEN15-01,\\ps043\S043P-VEN15-02,\\ps043\S043P-VEN15-04
S043W031|\\ps043\S043P-VEN15-02,\\ps043\S043P-VEN15-04,\\ps043\S043P-VEN15-03
S043W017|\\ps043\S043P-VEN15-02,\\ps043\S043P-VEN15-03,\\ps043\S043P-VEN15-04
S043W025|\\ps043\S043P-VEN15-02,\\ps043\S043P-VEN15-03,\\ps043\S043P-VEN15-04
S043W029|\\ps043\S043P-VEN15-02,\\ps043\S043P-VEN15-03,\\ps043\S043P-VEN15-04
S043W026|\\ps043\S043P-VEN15-02,\\ps043\S043P-VEN15-03,\\ps043\S043P-VEN15-04
S043W019|\\ps043\S043P-VEN15-02,\\ps043\S043P-VEN15-04,\\ps043\S043P-VEN15-03
S043W028|\\ps043\S043P-VEN15-02,\\ps043\S043P-VEN15-03,\\ps043\S043P-VEN15-04
S043W030|\\ps043\S043P-VEN15-02,\\ps043\S043P-VEN15-03,\\ps043\S043P-VEN15-04
S043W203|\\ps043\S043P-DOSTAVKA-01
S043W202|\\ps043\S043P-DOSTAVKA-01
S043W208|\\ps043\S043P-DOSTAVKA-06
S043W264|\\ps043\S043P-DOSTAVKA-04
S043W020|\\ps043\S043P-DOSTAVKA-04
S043W139|\\ps043\S043P-DOSTAVKA-05
S043W213|\\ps043\S043P-DOSTAVKA-06
S043W200|\\ps043\S043P-RSSC-01
S043W051|\\ps043\S043P-RSSC-01,\\ps043\S043P-RSSC-02
S043W211|\\ps043\S043P-RSSC-01,\\ps043\S043P-RSSC-02
S043W117|\\ps043\S043P-RSSC-01,\\ps043\S043P-RSSC-02
S043W199|\\ps043\S043P-RSSC-01,\\ps043\S043P-RSSC-02
S043W043|\\ps043\S043P-RSSC-01
S043W114|\\ps043\S043P-RSSC-03
S043C450|\\ps043\S043P-RSSC-03
S043W034|\\ps043\S043P-BALI-01,\\ps043\S043P-BALI-02,\\ps043\S043P-BALI-03,\\ps043\S043P-Bali-print-price-1,\\ps043\S043P-Bali-print-price-2
S043W152|\\ps043\S043P-BALI-01,\\ps043\S043P-BALI-02,\\ps043\S043P-BALI-03
S043W078|\\ps043\S043P-BALI-01
S043W140|\\ps043\S043P-CORPORATE-01
S043W157|\\ps043\S043P-CORPORATE-01
S043W249|\\ps043\S043P-CORPORATE-01
S043W184|\\ps043\S043P-CORPORATE-01
S043W111|\\ps043\S043P-CGM-01,\\ps043\S043P-RR-01
S043W115|\\ps043\S043P-CGM-01,\\ps043\S043P-RR-01
S043W148|\\ps043\S043P-CGM-01,\\ps043\S043P-RR-01
S043W231|\\ps043\S043P-CGM-01,\\ps043\S043P-RR-01
S043W260|\\ps043\S043P-CGM-01,\\ps043\S043P-RR-01
S043W153|\\ps043\S043P-DIR-01,\\ps043\S043P-RR-01
S043W046|\\ps043\S043P-KASSA-02
S043C002|\\PS043\S043P-KASSA-02
s043w217|\\ps043\S043P-KASSA-03
s043C003|\\ps043\S043P-KASSA-03
s043w216|\\ps043\S043P-KASSA-04
s043c004|\\ps043\S043P-KASSA-04
S043W036|\\ps043\S043P-KASSA-05
S043C005|\\ps043\S043P-KASSA-05
S043W102|\\ps043\S043P-SEC-01
S043W197|\\ps043\S043P-SEC-01
S043W229|\\ps043\S043P-SEC-01
S043W060|\\ps043\S043P-RH-07
S043W180|\\ps043\S043P-RECEP-01,\\ps043\S043P-RECEP-02
S043W170|\\ps043\S043P-RECEP-01,\\ps043\S043P-RECEP-02
S043W252|\\ps043\S043P-RECEP-01,\\ps043\S043P-RECEP-02
S043W189|\\ps043\S043P-RECEP-01,\\ps043\S043P-RECEP-02
S043W248|\\ps043\S043P-RECEP-01,\\ps043\S043P-RECEP-02
S043W253|\\ps043\S043P-RECEP-01,\\ps043\S043P-RECEP-02
S043W091|\\ps043\S043P-PICKUP-01,\\ps043\S043P-PICKUP-02
S043W089|\\ps043\S043P-PICKUP-01,\\ps043\S043P-PICKUP-02
S043W196|\\ps043\S043P-PICKUP-01,\\ps043\S043P-PICKUP-02
S043W204|\\ps043\S043P-PICKUP-01,\\ps043\S043P-PICKUP-02
S043W256|\\ps043\S043P-SAV-01
S043W221|\\ps043\S043P-SAV-01
S043C101|\\ps043\S043P-SAV-01
S043C102|\\ps043\S043P-SAV-01
S043C103|\\ps043\S043P-SAV-01
S043C104|\\ps043\S043P-SAV-01
S043C105|\\ps043\S043P-SAV-01
S043W063|\\ps043\S043P-EM-01
S043W118|\\ps043\S043P-PICKUP-01,\\ps043\S043P-PICKUP-02
S043W177|\\ps043\S043P-TRINING-01
S043W006|\\ps043\S043P-VEN07-03
S043W015|\\ps043\S043P-VEN07-03
S043W254|\\ps043\S043P-OKNA-01
S043W016|\\ps043\S043P-OKNA-01
S043C201|\\ps043\S043P-CORPORATE-01
S043C301|\\ps043\S043P-KASSA-41
S043C202|\\ps043\S043P-PICKUP-01
S043C302|\\ps043\S043P-KASSA-41
S043C303|\\ps043\S043P-KASSA-44
S043C304|\\ps043\S043P-KASSA-44
